{
  "Google" : {
    "transaction" : "Google",
    "sampleCount" : 10,
    "errorCount" : 0,
    "errorPct" : 0.0,
    "meanResTime" : 423.79999999999995,
    "medianResTime" : 424.5,
    "minResTime" : 127.0,
    "maxResTime" : 697.0,
    "pct1ResTime" : 696.7,
    "pct2ResTime" : 697.0,
    "pct3ResTime" : 697.0,
    "throughput" : 10.92896174863388,
    "receivedKBytesPerSec" : 192.49487704918033,
    "sentKBytesPerSec" : 1.1953551912568305
  },
  "Total" : {
    "transaction" : "Total",
    "sampleCount" : 10,
    "errorCount" : 0,
    "errorPct" : 0.0,
    "meanResTime" : 423.79999999999995,
    "medianResTime" : 424.5,
    "minResTime" : 127.0,
    "maxResTime" : 697.0,
    "pct1ResTime" : 696.7,
    "pct2ResTime" : 697.0,
    "pct3ResTime" : 697.0,
    "throughput" : 10.92896174863388,
    "receivedKBytesPerSec" : 192.49487704918033,
    "sentKBytesPerSec" : 1.1953551912568305
  }
}