{
  "Google" : {
    "transaction" : "Google",
    "sampleCount" : 9,
    "errorCount" : 0,
    "errorPct" : 0.0,
    "meanResTime" : 313.6666666666667,
    "medianResTime" : 305.0,
    "minResTime" : 77.0,
    "maxResTime" : 591.0,
    "pct1ResTime" : 591.0,
    "pct2ResTime" : 591.0,
    "pct3ResTime" : 591.0,
    "throughput" : 10.869565217391305,
    "receivedKBytesPerSec" : 191.24938669987924,
    "sentKBytesPerSec" : 1.188858695652174
  },
  "Total" : {
    "transaction" : "Total",
    "sampleCount" : 9,
    "errorCount" : 0,
    "errorPct" : 0.0,
    "meanResTime" : 313.6666666666667,
    "medianResTime" : 305.0,
    "minResTime" : 77.0,
    "maxResTime" : 591.0,
    "pct1ResTime" : 591.0,
    "pct2ResTime" : 591.0,
    "pct3ResTime" : 591.0,
    "throughput" : 10.869565217391305,
    "receivedKBytesPerSec" : 191.24938669987924,
    "sentKBytesPerSec" : 1.188858695652174
  }
}