{
  "Google" : {
    "transaction" : "Google",
    "sampleCount" : 10,
    "errorCount" : 0,
    "errorPct" : 0.0,
    "meanResTime" : 337.5,
    "medianResTime" : 313.0,
    "minResTime" : 80.0,
    "maxResTime" : 620.0,
    "pct1ResTime" : 619.2,
    "pct2ResTime" : 620.0,
    "pct3ResTime" : 620.0,
    "throughput" : 12.121212121212121,
    "receivedKBytesPerSec" : 212.81486742424244,
    "sentKBytesPerSec" : 1.325757575757576
  },
  "Total" : {
    "transaction" : "Total",
    "sampleCount" : 10,
    "errorCount" : 0,
    "errorPct" : 0.0,
    "meanResTime" : 337.5,
    "medianResTime" : 313.0,
    "minResTime" : 80.0,
    "maxResTime" : 620.0,
    "pct1ResTime" : 619.2,
    "pct2ResTime" : 620.0,
    "pct3ResTime" : 620.0,
    "throughput" : 12.121212121212121,
    "receivedKBytesPerSec" : 212.81486742424244,
    "sentKBytesPerSec" : 1.325757575757576
  }
}