{
  "Google" : {
    "transaction" : "Google",
    "sampleCount" : 11748,
    "errorCount" : 0,
    "errorPct" : 0.0,
    "meanResTime" : 59.009788900238284,
    "medianResTime" : 42.0,
    "minResTime" : 34.0,
    "maxResTime" : 131248.0,
    "pct1ResTime" : 59.100000000000364,
    "pct2ResTime" : 70.54999999999927,
    "pct3ResTime" : 116.51000000000022,
    "throughput" : 72.76105536975102,
    "receivedKBytesPerSec" : 145.04139594365478,
    "sentKBytesPerSec" : 7.958240431066518
  },
  "Total" : {
    "transaction" : "Total",
    "sampleCount" : 11748,
    "errorCount" : 0,
    "errorPct" : 0.0,
    "meanResTime" : 59.009788900238284,
    "medianResTime" : 42.0,
    "minResTime" : 34.0,
    "maxResTime" : 131248.0,
    "pct1ResTime" : 59.100000000000364,
    "pct2ResTime" : 70.54999999999927,
    "pct3ResTime" : 116.51000000000022,
    "throughput" : 72.76105536975102,
    "receivedKBytesPerSec" : 145.04139594365478,
    "sentKBytesPerSec" : 7.958240431066518
  }
}