{
  "Google" : {
    "transaction" : "Google",
    "sampleCount" : 2748,
    "errorCount" : 0,
    "errorPct" : 0.0,
    "meanResTime" : 95.7245269286754,
    "medianResTime" : 43.0,
    "minResTime" : 35.0,
    "maxResTime" : 130098.0,
    "pct1ResTime" : 66.0,
    "pct2ResTime" : 78.0,
    "pct3ResTime" : 107.50999999999976,
    "throughput" : 18.646310432569976,
    "receivedKBytesPerSec" : 57.59643368320611,
    "sentKBytesPerSec" : 2.039440203562341
  },
  "Total" : {
    "transaction" : "Total",
    "sampleCount" : 2748,
    "errorCount" : 0,
    "errorPct" : 0.0,
    "meanResTime" : 95.7245269286754,
    "medianResTime" : 43.0,
    "minResTime" : 35.0,
    "maxResTime" : 130098.0,
    "pct1ResTime" : 66.0,
    "pct2ResTime" : 78.0,
    "pct3ResTime" : 107.50999999999976,
    "throughput" : 18.646310432569976,
    "receivedKBytesPerSec" : 57.59643368320611,
    "sentKBytesPerSec" : 2.039440203562341
  }
}