{
  "Google" : {
    "transaction" : "Google",
    "sampleCount" : 10,
    "errorCount" : 0,
    "errorPct" : 0.0,
    "meanResTime" : 281.6,
    "medianResTime" : 249.0,
    "minResTime" : 74.0,
    "maxResTime" : 558.0,
    "pct1ResTime" : 557.6,
    "pct2ResTime" : 558.0,
    "pct3ResTime" : 558.0,
    "throughput" : 11.918951132300357,
    "receivedKBytesPerSec" : 210.41255400774733,
    "sentKBytesPerSec" : 1.3036352800953517
  },
  "Total" : {
    "transaction" : "Total",
    "sampleCount" : 10,
    "errorCount" : 0,
    "errorPct" : 0.0,
    "meanResTime" : 281.6,
    "medianResTime" : 249.0,
    "minResTime" : 74.0,
    "maxResTime" : 558.0,
    "pct1ResTime" : 557.6,
    "pct2ResTime" : 558.0,
    "pct3ResTime" : 558.0,
    "throughput" : 11.918951132300357,
    "receivedKBytesPerSec" : 210.41255400774733,
    "sentKBytesPerSec" : 1.3036352800953517
  }
}