{
  "Google" : {
    "transaction" : "Google",
    "sampleCount" : 132,
    "errorCount" : 0,
    "errorPct" : 0.0,
    "meanResTime" : 74.19696969696973,
    "medianResTime" : 70.5,
    "minResTime" : 61.0,
    "maxResTime" : 390.0,
    "pct1ResTime" : 80.0,
    "pct2ResTime" : 83.35,
    "pct3ResTime" : 299.5799999999966,
    "throughput" : 13.317191283292978,
    "receivedKBytesPerSec" : 234.13608110749595,
    "sentKBytesPerSec" : 1.4565677966101693
  },
  "Total" : {
    "transaction" : "Total",
    "sampleCount" : 132,
    "errorCount" : 0,
    "errorPct" : 0.0,
    "meanResTime" : 74.19696969696973,
    "medianResTime" : 70.5,
    "minResTime" : 61.0,
    "maxResTime" : 390.0,
    "pct1ResTime" : 80.0,
    "pct2ResTime" : 83.35,
    "pct3ResTime" : 299.5799999999966,
    "throughput" : 13.317191283292978,
    "receivedKBytesPerSec" : 234.13608110749595,
    "sentKBytesPerSec" : 1.4565677966101693
  }
}