{
  "Google" : {
    "transaction" : "Google",
    "sampleCount" : 10,
    "errorCount" : 0,
    "errorPct" : 0.0,
    "meanResTime" : 375.09999999999997,
    "medianResTime" : 377.5,
    "minResTime" : 85.0,
    "maxResTime" : 664.0,
    "pct1ResTime" : 662.9,
    "pct2ResTime" : 664.0,
    "pct3ResTime" : 664.0,
    "throughput" : 12.285012285012284,
    "receivedKBytesPerSec" : 215.67034897113024,
    "sentKBytesPerSec" : 1.3436732186732188
  },
  "Total" : {
    "transaction" : "Total",
    "sampleCount" : 10,
    "errorCount" : 0,
    "errorPct" : 0.0,
    "meanResTime" : 375.09999999999997,
    "medianResTime" : 377.5,
    "minResTime" : 85.0,
    "maxResTime" : 664.0,
    "pct1ResTime" : 662.9,
    "pct2ResTime" : 664.0,
    "pct3ResTime" : 664.0,
    "throughput" : 12.285012285012284,
    "receivedKBytesPerSec" : 215.67034897113024,
    "sentKBytesPerSec" : 1.3436732186732188
  }
}