{
  "Google" : {
    "transaction" : "Google",
    "sampleCount" : 11,
    "errorCount" : 0,
    "errorPct" : 0.0,
    "meanResTime" : 300.72727272727275,
    "medianResTime" : 268.0,
    "minResTime" : 78.0,
    "maxResTime" : 581.0,
    "pct1ResTime" : 579.2,
    "pct2ResTime" : 581.0,
    "pct3ResTime" : 581.0,
    "throughput" : 12.80558789289872,
    "receivedKBytesPerSec" : 225.02091821885915,
    "sentKBytesPerSec" : 1.4006111757857975
  },
  "Total" : {
    "transaction" : "Total",
    "sampleCount" : 11,
    "errorCount" : 0,
    "errorPct" : 0.0,
    "meanResTime" : 300.72727272727275,
    "medianResTime" : 268.0,
    "minResTime" : 78.0,
    "maxResTime" : 581.0,
    "pct1ResTime" : 579.2,
    "pct2ResTime" : 581.0,
    "pct3ResTime" : 581.0,
    "throughput" : 12.80558789289872,
    "receivedKBytesPerSec" : 225.02091821885915,
    "sentKBytesPerSec" : 1.4006111757857975
  }
}