{
  "Google" : {
    "transaction" : "Google",
    "sampleCount" : 10,
    "errorCount" : 0,
    "errorPct" : 0.0,
    "meanResTime" : 301.8,
    "medianResTime" : 265.0,
    "minResTime" : 80.0,
    "maxResTime" : 590.0,
    "pct1ResTime" : 587.9,
    "pct2ResTime" : 590.0,
    "pct3ResTime" : 590.0,
    "throughput" : 12.062726176115802,
    "receivedKBytesPerSec" : 211.66903837454765,
    "sentKBytesPerSec" : 1.319360675512666
  },
  "Total" : {
    "transaction" : "Total",
    "sampleCount" : 10,
    "errorCount" : 0,
    "errorPct" : 0.0,
    "meanResTime" : 301.8,
    "medianResTime" : 265.0,
    "minResTime" : 80.0,
    "maxResTime" : 590.0,
    "pct1ResTime" : 587.9,
    "pct2ResTime" : 590.0,
    "pct3ResTime" : 590.0,
    "throughput" : 12.062726176115802,
    "receivedKBytesPerSec" : 211.66903837454765,
    "sentKBytesPerSec" : 1.319360675512666
  }
}