{
  "Google" : {
    "transaction" : "Google",
    "sampleCount" : 389,
    "errorCount" : 0,
    "errorPct" : 0.0,
    "meanResTime" : 381.9640102827765,
    "medianResTime" : 380.0,
    "minResTime" : 228.0,
    "maxResTime" : 859.0,
    "pct1ResTime" : 506.0,
    "pct2ResTime" : 518.5,
    "pct3ResTime" : 534.1000000000012,
    "throughput" : 12.922729386751712,
    "receivedKBytesPerSec" : 11.067611007989502,
    "sentKBytesPerSec" : 1.4134235266759683
  },
  "Total" : {
    "transaction" : "Total",
    "sampleCount" : 389,
    "errorCount" : 0,
    "errorPct" : 0.0,
    "meanResTime" : 381.9640102827765,
    "medianResTime" : 380.0,
    "minResTime" : 228.0,
    "maxResTime" : 859.0,
    "pct1ResTime" : 506.0,
    "pct2ResTime" : 518.5,
    "pct3ResTime" : 534.1000000000012,
    "throughput" : 12.922729386751712,
    "receivedKBytesPerSec" : 11.067611007989502,
    "sentKBytesPerSec" : 1.4134235266759683
  }
}