{
  "Google" : {
    "transaction" : "Google",
    "sampleCount" : 1413,
    "errorCount" : 0,
    "errorPct" : 0.0,
    "meanResTime" : 564.9667374380743,
    "medianResTime" : 380.0,
    "minResTime" : 225.0,
    "maxResTime" : 130794.0,
    "pct1ResTime" : 498.60000000000014,
    "pct2ResTime" : 511.0,
    "pct3ResTime" : 525.8599999999999,
    "throughput" : 8.77639751552795,
    "receivedKBytesPerSec" : 7.516504512810559,
    "sentKBytesPerSec" : 0.9599184782608695
  },
  "Total" : {
    "transaction" : "Total",
    "sampleCount" : 1413,
    "errorCount" : 0,
    "errorPct" : 0.0,
    "meanResTime" : 564.9667374380743,
    "medianResTime" : 380.0,
    "minResTime" : 225.0,
    "maxResTime" : 130794.0,
    "pct1ResTime" : 498.60000000000014,
    "pct2ResTime" : 511.0,
    "pct3ResTime" : 525.8599999999999,
    "throughput" : 8.77639751552795,
    "receivedKBytesPerSec" : 7.516504512810559,
    "sentKBytesPerSec" : 0.9599184782608695
  }
}