{
  "Google" : {
    "transaction" : "Google",
    "sampleCount" : 1563,
    "errorCount" : 0,
    "errorPct" : 0.0,
    "meanResTime" : 376.2840690978883,
    "medianResTime" : 375.0,
    "minResTime" : 223.0,
    "maxResTime" : 916.0,
    "pct1ResTime" : 497.0,
    "pct2ResTime" : 515.0,
    "pct3ResTime" : 526.3599999999999,
    "throughput" : 25.937603717225354,
    "receivedKBytesPerSec" : 22.21413912110023,
    "sentKBytesPerSec" : 2.8369254065715235
  },
  "Total" : {
    "transaction" : "Total",
    "sampleCount" : 1563,
    "errorCount" : 0,
    "errorPct" : 0.0,
    "meanResTime" : 376.2840690978883,
    "medianResTime" : 375.0,
    "minResTime" : 223.0,
    "maxResTime" : 916.0,
    "pct1ResTime" : 497.0,
    "pct2ResTime" : 515.0,
    "pct3ResTime" : 526.3599999999999,
    "throughput" : 25.937603717225354,
    "receivedKBytesPerSec" : 22.21413912110023,
    "sentKBytesPerSec" : 2.8369254065715235
  }
}