{
  "Google" : {
    "transaction" : "Google",
    "sampleCount" : 10,
    "errorCount" : 0,
    "errorPct" : 0.0,
    "meanResTime" : 256.4,
    "medianResTime" : 195.5,
    "minResTime" : 79.0,
    "maxResTime" : 505.0,
    "pct1ResTime" : 503.6,
    "pct2ResTime" : 505.0,
    "pct3ResTime" : 505.0,
    "throughput" : 11.890606420927467,
    "receivedKBytesPerSec" : 208.68710983947682,
    "sentKBytesPerSec" : 1.3005350772889417
  },
  "Total" : {
    "transaction" : "Total",
    "sampleCount" : 10,
    "errorCount" : 0,
    "errorPct" : 0.0,
    "meanResTime" : 256.4,
    "medianResTime" : 195.5,
    "minResTime" : 79.0,
    "maxResTime" : 505.0,
    "pct1ResTime" : 503.6,
    "pct2ResTime" : 505.0,
    "pct3ResTime" : 505.0,
    "throughput" : 11.890606420927467,
    "receivedKBytesPerSec" : 208.68710983947682,
    "sentKBytesPerSec" : 1.3005350772889417
  }
}