{
  "Google" : {
    "transaction" : "Google",
    "sampleCount" : 10,
    "errorCount" : 0,
    "errorPct" : 0.0,
    "meanResTime" : 407.8,
    "medianResTime" : 412.5,
    "minResTime" : 86.0,
    "maxResTime" : 705.0,
    "pct1ResTime" : 704.6,
    "pct2ResTime" : 705.0,
    "pct3ResTime" : 705.0,
    "throughput" : 12.150668286755772,
    "receivedKBytesPerSec" : 213.39017884264885,
    "sentKBytesPerSec" : 1.3289793438639126
  },
  "Total" : {
    "transaction" : "Total",
    "sampleCount" : 10,
    "errorCount" : 0,
    "errorPct" : 0.0,
    "meanResTime" : 407.8,
    "medianResTime" : 412.5,
    "minResTime" : 86.0,
    "maxResTime" : 705.0,
    "pct1ResTime" : 704.6,
    "pct2ResTime" : 705.0,
    "pct3ResTime" : 705.0,
    "throughput" : 12.150668286755772,
    "receivedKBytesPerSec" : 213.39017884264885,
    "sentKBytesPerSec" : 1.3289793438639126
  }
}