{
  "Google" : {
    "transaction" : "Google",
    "sampleCount" : 10,
    "errorCount" : 0,
    "errorPct" : 0.0,
    "meanResTime" : 113.39999999999998,
    "medianResTime" : 81.5,
    "minResTime" : 70.0,
    "maxResTime" : 402.0,
    "pct1ResTime" : 371.0000000000001,
    "pct2ResTime" : 402.0,
    "pct3ResTime" : 402.0,
    "throughput" : 2.2456770716370986,
    "receivedKBytesPerSec" : 39.45439696552886,
    "sentKBytesPerSec" : 0.24562092971030763
  },
  "Total" : {
    "transaction" : "Total",
    "sampleCount" : 10,
    "errorCount" : 0,
    "errorPct" : 0.0,
    "meanResTime" : 113.39999999999998,
    "medianResTime" : 81.5,
    "minResTime" : 70.0,
    "maxResTime" : 402.0,
    "pct1ResTime" : 371.0000000000001,
    "pct2ResTime" : 402.0,
    "pct3ResTime" : 402.0,
    "throughput" : 2.2456770716370986,
    "receivedKBytesPerSec" : 39.45439696552886,
    "sentKBytesPerSec" : 0.24562092971030763
  }
}