{
  "Google" : {
    "transaction" : "Google",
    "sampleCount" : 10,
    "errorCount" : 0,
    "errorPct" : 0.0,
    "meanResTime" : 135.9,
    "medianResTime" : 86.5,
    "minResTime" : 74.0,
    "maxResTime" : 515.0,
    "pct1ResTime" : 481.2000000000001,
    "pct2ResTime" : 515.0,
    "pct3ResTime" : 515.0,
    "throughput" : 2.254283137962128,
    "receivedKBytesPerSec" : 39.663055117222726,
    "sentKBytesPerSec" : 0.24656221821460775
  },
  "Total" : {
    "transaction" : "Total",
    "sampleCount" : 10,
    "errorCount" : 0,
    "errorPct" : 0.0,
    "meanResTime" : 135.9,
    "medianResTime" : 86.5,
    "minResTime" : 74.0,
    "maxResTime" : 515.0,
    "pct1ResTime" : 481.2000000000001,
    "pct2ResTime" : 515.0,
    "pct3ResTime" : 515.0,
    "throughput" : 2.254283137962128,
    "receivedKBytesPerSec" : 39.663055117222726,
    "sentKBytesPerSec" : 0.24656221821460775
  }
}