{
  "Google" : {
    "transaction" : "Google",
    "sampleCount" : 10,
    "errorCount" : 0,
    "errorPct" : 0.0,
    "meanResTime" : 470.2,
    "medianResTime" : 483.5,
    "minResTime" : 112.0,
    "maxResTime" : 784.0,
    "pct1ResTime" : 783.2,
    "pct2ResTime" : 784.0,
    "pct3ResTime" : 784.0,
    "throughput" : 11.441647597254004,
    "receivedKBytesPerSec" : 200.9025940360412,
    "sentKBytesPerSec" : 1.2514302059496567
  },
  "Total" : {
    "transaction" : "Total",
    "sampleCount" : 10,
    "errorCount" : 0,
    "errorPct" : 0.0,
    "meanResTime" : 470.2,
    "medianResTime" : 483.5,
    "minResTime" : 112.0,
    "maxResTime" : 784.0,
    "pct1ResTime" : 783.2,
    "pct2ResTime" : 784.0,
    "pct3ResTime" : 784.0,
    "throughput" : 11.441647597254004,
    "receivedKBytesPerSec" : 200.9025940360412,
    "sentKBytesPerSec" : 1.2514302059496567
  }
}