{
  "Google" : {
    "transaction" : "Google",
    "sampleCount" : 10145,
    "errorCount" : 0,
    "errorPct" : 0.0,
    "meanResTime" : 76.8778708723511,
    "medianResTime" : 43.0,
    "minResTime" : 31.0,
    "maxResTime" : 130640.0,
    "pct1ResTime" : 62.399999999999636,
    "pct2ResTime" : 81.0,
    "pct3ResTime" : 166.0,
    "throughput" : 60.343802046157506,
    "receivedKBytesPerSec" : 123.34242863170651,
    "sentKBytesPerSec" : 6.600103348798477
  },
  "Total" : {
    "transaction" : "Total",
    "sampleCount" : 10145,
    "errorCount" : 0,
    "errorPct" : 0.0,
    "meanResTime" : 76.8778708723511,
    "medianResTime" : 43.0,
    "minResTime" : 31.0,
    "maxResTime" : 130640.0,
    "pct1ResTime" : 62.399999999999636,
    "pct2ResTime" : 81.0,
    "pct3ResTime" : 166.0,
    "throughput" : 60.343802046157506,
    "receivedKBytesPerSec" : 123.34242863170651,
    "sentKBytesPerSec" : 6.600103348798477
  }
}