{
  "Google" : {
    "transaction" : "Google",
    "sampleCount" : 10,
    "errorCount" : 0,
    "errorPct" : 0.0,
    "meanResTime" : 303.2,
    "medianResTime" : 268.5,
    "minResTime" : 69.0,
    "maxResTime" : 574.0,
    "pct1ResTime" : 573.7,
    "pct2ResTime" : 574.0,
    "pct3ResTime" : 574.0,
    "throughput" : 12.254901960784313,
    "receivedKBytesPerSec" : 215.32365387561276,
    "sentKBytesPerSec" : 1.3403799019607845
  },
  "Total" : {
    "transaction" : "Total",
    "sampleCount" : 10,
    "errorCount" : 0,
    "errorPct" : 0.0,
    "meanResTime" : 303.2,
    "medianResTime" : 268.5,
    "minResTime" : 69.0,
    "maxResTime" : 574.0,
    "pct1ResTime" : 573.7,
    "pct2ResTime" : 574.0,
    "pct3ResTime" : 574.0,
    "throughput" : 12.254901960784313,
    "receivedKBytesPerSec" : 215.32365387561276,
    "sentKBytesPerSec" : 1.3403799019607845
  }
}