{
  "Google" : {
    "transaction" : "Google",
    "sampleCount" : 1576,
    "errorCount" : 0,
    "errorPct" : 0.0,
    "meanResTime" : 378.5983502538067,
    "medianResTime" : 381.0,
    "minResTime" : 224.0,
    "maxResTime" : 915.0,
    "pct1ResTime" : 495.0,
    "pct2ResTime" : 513.0,
    "pct3ResTime" : 525.0,
    "throughput" : 26.157676348547717,
    "receivedKBytesPerSec" : 22.40261929460581,
    "sentKBytesPerSec" : 2.8609958506224067
  },
  "Total" : {
    "transaction" : "Total",
    "sampleCount" : 1576,
    "errorCount" : 0,
    "errorPct" : 0.0,
    "meanResTime" : 378.5983502538067,
    "medianResTime" : 381.0,
    "minResTime" : 224.0,
    "maxResTime" : 915.0,
    "pct1ResTime" : 495.0,
    "pct2ResTime" : 513.0,
    "pct3ResTime" : 525.0,
    "throughput" : 26.157676348547717,
    "receivedKBytesPerSec" : 22.40261929460581,
    "sentKBytesPerSec" : 2.8609958506224067
  }
}