{
  "Google" : {
    "transaction" : "Google",
    "sampleCount" : 1505,
    "errorCount" : 0,
    "errorPct" : 0.0,
    "meanResTime" : 462.8119601328906,
    "medianResTime" : 378.0,
    "minResTime" : 222.0,
    "maxResTime" : 131301.0,
    "pct1ResTime" : 499.4000000000001,
    "pct2ResTime" : 512.0,
    "pct3ResTime" : 524.94,
    "throughput" : 9.448413545446556,
    "receivedKBytesPerSec" : 8.092049491559209,
    "sentKBytesPerSec" : 1.033420231533217
  },
  "Total" : {
    "transaction" : "Total",
    "sampleCount" : 1505,
    "errorCount" : 0,
    "errorPct" : 0.0,
    "meanResTime" : 462.8119601328906,
    "medianResTime" : 378.0,
    "minResTime" : 222.0,
    "maxResTime" : 131301.0,
    "pct1ResTime" : 499.4000000000001,
    "pct2ResTime" : 512.0,
    "pct3ResTime" : 524.94,
    "throughput" : 9.448413545446556,
    "receivedKBytesPerSec" : 8.092049491559209,
    "sentKBytesPerSec" : 1.033420231533217
  }
}