{
  "Google" : {
    "transaction" : "Google",
    "sampleCount" : 10,
    "errorCount" : 0,
    "errorPct" : 0.0,
    "meanResTime" : 343.8,
    "medianResTime" : 332.0,
    "minResTime" : 77.0,
    "maxResTime" : 635.0,
    "pct1ResTime" : 634.1,
    "pct2ResTime" : 635.0,
    "pct3ResTime" : 635.0,
    "throughput" : 12.224938875305625,
    "receivedKBytesPerSec" : 214.74704882334964,
    "sentKBytesPerSec" : 1.3371026894865528
  },
  "Total" : {
    "transaction" : "Total",
    "sampleCount" : 10,
    "errorCount" : 0,
    "errorPct" : 0.0,
    "meanResTime" : 343.8,
    "medianResTime" : 332.0,
    "minResTime" : 77.0,
    "maxResTime" : 635.0,
    "pct1ResTime" : 634.1,
    "pct2ResTime" : 635.0,
    "pct3ResTime" : 635.0,
    "throughput" : 12.224938875305625,
    "receivedKBytesPerSec" : 214.74704882334964,
    "sentKBytesPerSec" : 1.3371026894865528
  }
}