{
  "Google" : {
    "transaction" : "Google",
    "sampleCount" : 1561,
    "errorCount" : 0,
    "errorPct" : 0.0,
    "meanResTime" : 382.3798846893022,
    "medianResTime" : 383.0,
    "minResTime" : 223.0,
    "maxResTime" : 781.0,
    "pct1ResTime" : 502.0,
    "pct2ResTime" : 514.8999999999999,
    "pct3ResTime" : 526.0,
    "throughput" : 25.86449720809239,
    "receivedKBytesPerSec" : 22.151527394040063,
    "sentKBytesPerSec" : 2.828929382135105
  },
  "Total" : {
    "transaction" : "Total",
    "sampleCount" : 1561,
    "errorCount" : 0,
    "errorPct" : 0.0,
    "meanResTime" : 382.3798846893022,
    "medianResTime" : 383.0,
    "minResTime" : 223.0,
    "maxResTime" : 781.0,
    "pct1ResTime" : 502.0,
    "pct2ResTime" : 514.8999999999999,
    "pct3ResTime" : 526.0,
    "throughput" : 25.86449720809239,
    "receivedKBytesPerSec" : 22.151527394040063,
    "sentKBytesPerSec" : 2.828929382135105
  }
}